,Rouge_1,Rouge_2
1,0.060007247297765874,0.006434259612936083
