,Rouge_1,Rouge_2
1,0.062098666997776907,0.0064997821622821625
