,Rouge_1,Rouge_2
1,0.06752865747084014,0.006062546663862453
