,Rouge_1,Rouge_2
1,0.060390764056205234,0.006930520868020868
